<?xml version="1.0" encoding="utf-8"?>
<!DOCTYPE article PUBLIC "-//NLM//DTD JATS (Z39.96) Journal Archiving
and Interchange DTD v1.2 20190208//EN" "JATS-archivearticle1.dtd">
<article xmlns:mml="http://www.w3.org/1998/Math/MathML" xmlns:xlink="http://www.w3.org/1999/xlink" dtd-version="1.2" article-type="report">
  <front>
    <journal-meta>
      <journal-id/>
      <journal-title-group>
        <journal-title>Series or Journal Name</journal-title>
      </journal-title-group>
      <issn/>
      <publisher>
        <publisher-name/>
      </publisher>
    </journal-meta>
    <article-meta>
      <article-id pub-id-type="doi">10.0000/zenodo.0000000</article-id>
      <title-group>
        <article-title>Example Document Template</article-title>
      </title-group>
      <contrib-group>
        <contrib contrib-type="author">
          <name>
            <surname>Author</surname>
            <given-names>Primary</given-names>
          </name>
          <string-name>Primary Author</string-name>
          <xref ref-type="aff" rid="aff-1">a</xref>
          <xref ref-type="aff" rid="aff-2">b</xref>
        </contrib>
        <contrib contrib-type="author" corresp="yes">
          <contrib-id contrib-id-type="orcid">0000-0000-0000-0000</contrib-id>
          <name>
            <surname>Author</surname>
            <given-names>Second</given-names>
          </name>
          <string-name>Second Author</string-name>
          <email>author@institution.edu</email>
          <xref ref-type="aff" rid="aff-1">a</xref>
          <xref ref-type="aff" rid="aff-2">b</xref>
          <xref ref-type="corresp" rid="cor-2">*</xref>
        </contrib>
      </contrib-group>
      <aff id="aff-1">
        <institution-wrap>
          <institution>Department Name</institution>
        </institution-wrap>
      </aff>
      <aff id="aff-2">
        <institution-wrap>
          <institution>Institution Name</institution>
        </institution-wrap>
      </aff>
      <author-notes>
        <corresp id="cor-2">author@institution.edu</corresp>
      </author-notes>
      <pub-date date-type="pub" publication-format="electronic" iso-8601-date="Invalid Date">
        <year>.nan</year>
        <month>.nan</month>
        <day>.nan</day>
      </pub-date>
      <history/>
      <abstract>
        <p>This template demonstrates the capabilities of Quarto for academic
writing. It shows how to create complex documents with figures, tables,
citations, and specialized formatting. The template supports multiple
output formats including HTML, Word, and PDF via Typst.</p>
      </abstract>
      <kwd-group kwd-group-type="author">
        <kwd>Keyword One</kwd>
        <kwd>Keyword Two</kwd>
        <kwd>Keyword Three</kwd>
      </kwd-group>
    </article-meta>
  </front>
  <body>
    <sec id="key-findings">
      <title>1. Key findings</title>
      <list list-type="bullet">
        <list-item>
          <p>This template demonstrates effective academic document
      structure. Key findings should summarize main points in clear,
      concise language. Each bullet point should be substantive and
      typically 2-3 sentences long.</p>
        </list-item>
        <list-item>
          <p>Complex features can be demonstrated throughout, such as
      cross-references (see
      <xref alt="Figure 1" rid="fig-example">Figure 1</xref>), citations
      (<xref alt="Capitals Coalition 2024" rid="ref-capitals_coalition_2024" ref-type="bibr">Capitals
      Coalition 2024</xref>), and
      footnotes<xref ref-type="fn" rid="fn1">1</xref>. These features
      work across all output formats including HTML, Word and PDF.</p>
        </list-item>
        <list-item>
          <p>Multi-level bullets work as follows:</p>
          <list list-type="bullet">
            <list-item>
              <p>Sub-points should provide supporting detail</p>
            </list-item>
            <list-item>
              <p>They can include citations
          (<xref alt="Taskforce on Nature-related Financial Disclosures 2024" rid="ref-tnfd_2024" ref-type="bibr">Taskforce
          on Nature-related Financial Disclosures 2024</xref>)</p>
            </list-item>
            <list-item>
              <p>Second-level points with spacing between them are also
          possible:</p>
              <list list-type="bullet">
                <list-item>
                  <p>Third level bullets demonstrate deeper hierarchy</p>
                </list-item>
                <list-item>
                  <p>With multiple points as needed</p>
                </list-item>
              </list>
            </list-item>
          </list>
        </list-item>
      </list>
      <fig id="fig-example">
        <caption>
          <p>Figure 1: Example figure showing conceptual
    relationships. Place figures in the media/ folder.</p>
        </caption>
        <graphic mimetype="image" mime-subtype="png" xlink:href="media/picture%201.png"/>
      </fig>
    </sec>
    <sec id="sec-introduction">
      <title>2. Introduction</title>
      <list list-type="order">
        <list-item>
          <p>This template uses numbered paragraphs for the main sections.
      Paragraphs should be concise and focused on a single main point or
      idea. Citations can be included
      (<xref alt="Global Reporting Initiative, n.d." rid="ref-gri2021" ref-type="bibr">Global
      Reporting Initiative, n.d.</xref>;
      <xref alt="Taskforce on Nature-related Financial Disclosures 2024" rid="ref-tnfd_2024" ref-type="bibr">Taskforce
      on Nature-related Financial Disclosures 2024</xref>) and will be
      rendered according to the specified citation style.</p>
        </list-item>
        <list-item>
          <p>Images can be included as either figures with captions (as
      above) or inline. Code blocks and other technical content can be
      included:</p>
          <p specific-use="wrapper">
            <code language="python">def example_function():
    """Demonstrates code inclusion."""
    return "Hello world"</code>
          </p>
        </list-item>
        <list-item>
          <p>Tables can be included in several ways. Here’s an R-generated
      table:</p>
        </list-item>
      </list>
      <fig id="tbl-example">
        <caption>
          <p>Table 1: Example table showing data
    organization</p>
        </caption>
        <table-wrap>
          <table>
            <thead>
              <tr>
                <th align="left">Category</th>
                <th align="left">Value</th>
                <th align="left">Description</th>
              </tr>
            </thead>
            <tbody>
              <tr>
                <td align="left">A</td>
                <td align="left">10</td>
                <td align="left">First</td>
              </tr>
              <tr>
                <td align="left">B</td>
                <td align="left">20</td>
                <td align="left">Second</td>
              </tr>
              <tr>
                <td align="left">C</td>
                <td align="left">30</td>
                <td align="left">Third</td>
              </tr>
            </tbody>
          </table>
        </table-wrap>
      </fig>
    </sec>
    <sec id="advanced-document-features">
      <title>3. Advanced Document Features</title>
      <sec id="sec-tables">
        <title>3.1 Complex Tables and Formatting</title>
        <list list-type="order">
          <list-item>
            <p>Complex tables can include multiple header levels, custom
        formatting, and footnotes. Here’s an example using the
        <monospace>kable</monospace> function with custom CSS:</p>
          </list-item>
        </list>
        <fig id="tbl-complex">
          <caption>
            <p>Table 2: Demonstration of Complex Table
      Formatting</p>
          </caption>
          <table-wrap>
            <table>
              <thead>
                <tr>
                  <th align="left">Category</th>
                  <th align="left">Description</th>
                  <th align="left">Value1</th>
                  <th align="left">Value2</th>
                  <th align="left">Notes</th>
                </tr>
              </thead>
              <tbody>
                <tr>
                  <td align="left">Type A</td>
                  <td align="left">Complex description with details</td>
                  <td align="left">10.5</td>
                  <td align="left">45.2</td>
                  <td align="left">Special case*</td>
                </tr>
                <tr>
                  <td align="left">Type B</td>
                  <td align="left">Another detailed description</td>
                  <td align="left">20.3</td>
                  <td align="left">33.1</td>
                  <td align="left">Standard</td>
                </tr>
                <tr>
                  <td align="left">Type C</td>
                  <td align="left">Third detailed element</td>
                  <td align="left">15.7</td>
                  <td align="left">28.9</td>
                  <td align="left">Modified†</td>
                </tr>
              </tbody>
            </table>
          </table-wrap>
        </fig>
        <list list-type="bullet">
          <list-item>
            <p>Indicates special condition † Modified calculation
        applied</p>
          </list-item>
        </list>
      </sec>
      <sec id="sec-callouts">
        <title>3.2 Callout Boxes and Special Content</title>
        <list list-type="order">
          <list-item>
            <p>Callout boxes can highlight important information:</p>
          </list-item>
        </list>
        <boxed-text>
          <p>
            <bold>Important Note Title</bold>
          </p>
          <p>This is an example note callout. It can contain:</p>
          <list list-type="bullet">
            <list-item>
              <p>Bullet points</p>
            </list-item>
            <list-item>
              <p>
                <italic>Formatted text</italic>
              </p>
            </list-item>
            <list-item>
              <p>Even <monospace>code snippets</monospace></p>
            </list-item>
          </list>
        </boxed-text>
        <boxed-text>
          <p>
            <bold>Caution</bold>
          </p>
          <p>Warning callouts use different styling and icons.</p>
        </boxed-text>
        <boxed-text>
          <p>
            <bold>Suggestion</bold>
          </p>
          <p>Tips use a different style and icon.</p>
        </boxed-text>
      </sec>
      <sec id="sec-figures">
        <title>3.3 Multi-Panel Figures</title>
        <list list-type="order">
          <list-item>
            <p>Complex figures can combine multiple panels with individual
        captions:</p>
          </list-item>
        </list>
        <fig id="fig-panels">
          <caption>
            <p>Figure 2: Multi-panel figure
      demonstration</p>
          </caption>
          <table-wrap>
            <table>
              <colgroup>
                <col width="50%"/>
                <col width="50%"/>
              </colgroup>
              <tbody>
                <tr>
                  <td align="left">
                    <p specific-use="wrapper">
                      <boxed-text>
                        <fig id="fig-panels-1">
                          <caption>
                            <p>(a) Panel A shows first
                    element</p>
                          </caption>
                          <graphic mimetype="image" mime-subtype="png" xlink:href="index_files/figure-jats/fig-panels-1.png"/>
                        </fig>
                      </boxed-text>
                    </p>
                  </td>
                  <td align="left">
                    <p specific-use="wrapper">
                      <boxed-text>
                        <fig id="fig-panels-2">
                          <caption>
                            <p>(b) Panel B shows second
                    element</p>
                          </caption>
                          <graphic mimetype="image" mime-subtype="png" xlink:href="index_files/figure-jats/fig-panels-2.png"/>
                        </fig>
                      </boxed-text>
                    </p>
                  </td>
                </tr>
              </tbody>
            </table>
          </table-wrap>
        </fig>
      </sec>
      <sec id="sec-cross-ref">
        <title>3.4 Advanced Cross-Referencing</title>
        <list list-type="order">
          <list-item>
            <p>Cross-references can be used for various elements:</p>
            <list list-type="bullet">
              <list-item>
                <p>Figures: See
            <xref alt="Figure 2" rid="fig-panels">Figure 2</xref> for a
            multi-panel example</p>
              </list-item>
              <list-item>
                <p>Tables: As shown in
            <xref alt="Table 2" rid="tbl-complex">Table 2</xref></p>
              </list-item>
              <list-item>
                <p>Equations: Reference equation
            <xref alt="Equation 1" rid="eq-example">Equation 1</xref>
            below</p>
              </list-item>
              <list-item>
                <p>Sections: Refer to earlier section on tables
            (#sec-tables)</p>
              </list-item>
            </list>
          </list-item>
          <list-item>
            <p>Mathematical equations can be numbered and referenced:</p>
          </list-item>
        </list>
        <p>
          <styled-content id="eq-example">
            <disp-formula>
              <alternatives>
                <tex-math><![CDATA[
    \begin{equation}
    f(x) = ax^2 + bx + c
    \end{equation}
     \qquad(1)]]></tex-math>
                <mml:math xmlns:mml="http://www.w3.org/1998/Math/MathML" display="block">
                  <mml:mrow>
                    <mml:mrow>
                      <mml:mi>f</mml:mi>
                      <mml:mrow>
                        <mml:mo stretchy="true" form="prefix">(</mml:mo>
                        <mml:mi>x</mml:mi>
                        <mml:mo stretchy="true" form="postfix">)</mml:mo>
                      </mml:mrow>
                      <mml:mo>=</mml:mo>
                      <mml:mi>a</mml:mi>
                      <mml:msup>
                        <mml:mi>x</mml:mi>
                        <mml:mn>2</mml:mn>
                      </mml:msup>
                      <mml:mo>+</mml:mo>
                      <mml:mi>b</mml:mi>
                      <mml:mi>x</mml:mi>
                      <mml:mo>+</mml:mo>
                      <mml:mi>c</mml:mi>
                    </mml:mrow>
                    <mml:mspace width="2.0em"/>
                    <mml:mrow>
                      <mml:mo stretchy="true" form="prefix">(</mml:mo>
                      <mml:mn>1</mml:mn>
                      <mml:mo stretchy="true" form="postfix">)</mml:mo>
                    </mml:mrow>
                  </mml:mrow>
                </mml:math>
              </alternatives>
            </disp-formula>
          </styled-content>
        </p>
        <list list-type="order">
          <list-item>
            <label>3.</label>
            <p>Inline mathematics can use single dollar signs:
        <inline-formula><alternatives><tex-math><![CDATA[E = mc^2]]></tex-math><mml:math xmlns:mml="http://www.w3.org/1998/Math/MathML" display="inline"><mml:mrow><mml:mi>E</mml:mi><mml:mo>=</mml:mo><mml:mi>m</mml:mi><mml:msup><mml:mi>c</mml:mi><mml:mn>2</mml:mn></mml:msup></mml:mrow></mml:math></alternatives></inline-formula></p>
          </list-item>
        </list>
      </sec>
      <sec id="sec-infrastructure">
        <title>3.5 Document Infrastructure</title>
        <list list-type="order">
          <list-item>
            <p>This template supports:</p>
            <list list-type="bullet">
              <list-item>
                <p>Automatic table of contents generation</p>
              </list-item>
              <list-item>
                <p>List of figures and tables</p>
              </list-item>
              <list-item>
                <p>Custom header and footer content</p>
              </list-item>
              <list-item>
                <p>Bibliography management</p>
              </list-item>
              <list-item>
                <p>Multiple citation styles
            (<xref alt="Global Reporting Initiative, n.d." rid="ref-gri2021" ref-type="bibr">Global
            Reporting Initiative, n.d.</xref>;
            <xref alt="Taskforce on Nature-related Financial Disclosures 2024" rid="ref-tnfd_2024" ref-type="bibr">Taskforce
            on Nature-related Financial Disclosures 2024</xref>)</p>
              </list-item>
            </list>
          </list-item>
          <list-item>
            <p>Example of a complex citation block:</p>
          </list-item>
        </list>
        <boxed-text>
          <p>
            <bold>Citation Example</bold>
          </p>
          <p>According to Capitals Coalition
    (<xref alt="2024, 23" rid="ref-capitals_coalition_2024" ref-type="bibr">2024,
    23</xref>), this specific method has several advantages. Multiple
    citations can be combined
    (<xref alt="Taskforce on Nature-related Financial Disclosures 2024" rid="ref-tnfd_2024" ref-type="bibr">Taskforce
    on Nature-related Financial Disclosures 2024</xref>;
    <xref alt="Taskforce on Climate-related Financial Disclosures 2024" rid="ref-tcfd_2024" ref-type="bibr">Taskforce
    on Climate-related Financial Disclosures 2024</xref>), and page
    numbers can be included
    (<xref alt="Global Reporting Initiative, n.d., 15–17" rid="ref-gri2021" ref-type="bibr">Global
    Reporting Initiative, n.d., 15–17</xref>).</p>
        </boxed-text>
      </sec>
      <sec id="sec-interactive">
        <title>3.6 Interactive Elements</title>
        <list list-type="order">
          <list-item>
            <p>When outputting to HTML, interactive elements can be
        included:</p>
          </list-item>
        </list>
      </sec>
      <sec id="sec-appendix">
        <title>3.7 Appendix</title>
        <p>Additional tables and supplementary information can be included
    here. The template supports multiple appendices and complex table
    layouts:</p>
        <fig id="tbl-appendix">
          <caption>
            <p>Table 3: Example Appendix Table</p>
          </caption>
          <table-wrap>
            <table>
              <thead>
                <tr>
                  <th align="left">Category</th>
                  <th align="left">Description</th>
                  <th align="left">Value</th>
                </tr>
              </thead>
              <tbody>
                <tr>
                  <td align="left">Type 1</td>
                  <td align="left">Detailed example text</td>
                  <td align="left">High</td>
                </tr>
                <tr>
                  <td align="left">Type 2</td>
                  <td align="left">More example content</td>
                  <td align="left">Medium</td>
                </tr>
                <tr>
                  <td align="left">Type 3</td>
                  <td align="left">Final example entry</td>
                  <td align="left">Low</td>
                </tr>
              </tbody>
            </table>
          </table-wrap>
        </fig>
      </sec>
    </sec>
    <sec id="appendix">
      <title>Appendix</title>
      <p>Note that references need to be included in BibTex format in the
  relevant file (references.bib)</p>
    </sec>
  </body>
  <back>
    <ref-list>
      <title/>
      <ref id="ref-capitals_coalition_2024">
        <element-citation publication-type="webpage">
          <person-group person-group-type="author">
            <string-name>Capitals Coalition</string-name>
          </person-group>
          <article-title>Natural capital protocol</article-title>
          <year iso-8601-date="2024">2024</year>
          <uri>https://capitalscoalition.org/capitals-approach/natural-capital-protocol/?fwp_filter_tabs=guide_supplement</uri>
        </element-citation>
      </ref>
      <ref id="ref-tcfd_2024">
        <element-citation publication-type="webpage">
          <person-group person-group-type="author">
            <string-name>Taskforce on Climate-related Financial Disclosures</string-name>
          </person-group>
          <article-title>TCFD hub</article-title>
          <year iso-8601-date="2024">2024</year>
          <uri>https://www.tcfdhub.org</uri>
        </element-citation>
      </ref>
      <ref id="ref-tnfd_2024">
        <element-citation publication-type="webpage">
          <person-group person-group-type="author">
            <string-name>Taskforce on Nature-related Financial Disclosures</string-name>
          </person-group>
          <article-title>TNFD global</article-title>
          <year iso-8601-date="2024">2024</year>
          <uri>https://tnfd.global</uri>
        </element-citation>
      </ref>
      <ref id="ref-gri2021">
        <element-citation publication-type="report">
          <person-group person-group-type="author">
            <string-name>Global Reporting Initiative</string-name>
          </person-group>
          <article-title>GRI standards</article-title>
          <publisher-name>Global Reporting Initiative</publisher-name>
          <uri>https://www.globalreporting.org/standards</uri>
        </element-citation>
      </ref>
    </ref-list>
    <fn-group>
      <fn id="fn1">
        <label>1</label>
        <p>Footnotes can be placed inline or collected at
    the end.</p>
      </fn>
    </fn-group>
  </back>
  <sub-article article-type="notebook" id="nb-4-nb-article">
    <front-stub>
      <title-group>
        <article-title>Example Document Template</article-title>
      </title-group>
      <contrib-group>
        <contrib contrib-type="author">
          <name>
            <surname>Author</surname>
            <given-names>Primary</given-names>
          </name>
          <string-name>Primary Author</string-name>
          <xref ref-type="aff" rid="aff-1-nb-article">a</xref>
          <xref ref-type="aff" rid="aff-2-nb-article">b</xref>
        </contrib>
        <contrib contrib-type="author" corresp="yes">
          <contrib-id contrib-id-type="orcid">0000-0000-0000-0000</contrib-id>
          <name>
            <surname>Author</surname>
            <given-names>Second</given-names>
          </name>
          <string-name>Second Author</string-name>
          <email>author@institution.edu</email>
          <xref ref-type="aff" rid="aff-1-nb-article">a</xref>
          <xref ref-type="aff" rid="aff-2-nb-article">b</xref>
          <xref ref-type="corresp" rid="cor-2-nb-article">*</xref>
        </contrib>
      </contrib-group>
      <aff id="aff-1-nb-article">
        <institution-wrap>
          <institution>Department Name</institution>
        </institution-wrap>
      </aff>
      <aff id="aff-2-nb-article">
        <institution-wrap>
          <institution>Institution Name</institution>
        </institution-wrap>
      </aff>
      <author-notes>
        <corresp id="cor-2-nb-article">author@institution.edu</corresp>
      </author-notes>
      <abstract>
        <p>This template demonstrates the capabilities of Quarto for academic
writing. It shows how to create complex documents with figures, tables,
citations, and specialized formatting. The template supports multiple
output formats including HTML, Word, and PDF via Typst.</p>
      </abstract>
    </front-stub>
    <body>
      <sec id="key-findings-nb-article">
        <title>1. Key findings</title>
        <list list-type="bullet">
          <list-item>
            <p>This template demonstrates effective academic document
      structure. Key findings should summarize main points in clear,
      concise language. Each bullet point should be substantive and
      typically 2-3 sentences long.</p>
          </list-item>
          <list-item>
            <p>Complex features can be demonstrated throughout, such as
      cross-references (see
      <xref alt="Figure 1" rid="fig-example-nb-article">Figure 1</xref>), citations
      (<xref alt="Capitals Coalition 2024" rid="ref-capitals_coalition_2024-nb-article" ref-type="bibr">Capitals
      Coalition 2024</xref>), and
      footnotes<xref ref-type="fn" rid="fn1-nb-article">1</xref>. These features
      work across all output formats including HTML, Word and PDF.</p>
          </list-item>
          <list-item>
            <p>Multi-level bullets work as follows:</p>
            <list list-type="bullet">
              <list-item>
                <p>Sub-points should provide supporting detail</p>
              </list-item>
              <list-item>
                <p>They can include citations
          (<xref alt="Taskforce on Nature-related Financial Disclosures 2024" rid="ref-tnfd_2024-nb-article" ref-type="bibr">Taskforce
          on Nature-related Financial Disclosures 2024</xref>)</p>
              </list-item>
              <list-item>
                <p>Second-level points with spacing between them are also
          possible:</p>
                <list list-type="bullet">
                  <list-item>
                    <p>Third level bullets demonstrate deeper hierarchy</p>
                  </list-item>
                  <list-item>
                    <p>With multiple points as needed</p>
                  </list-item>
                </list>
              </list-item>
            </list>
          </list-item>
        </list>
        <fig id="fig-example-nb-article">
          <caption>
            <p>Figure 1: Example figure showing conceptual
    relationships. Place figures in the media/ folder.</p>
          </caption>
          <graphic mimetype="image" mime-subtype="png" xlink:href="media/picture%201.png"/>
        </fig>
      </sec>
      <sec id="sec-introduction-nb-article">
        <title>2. Introduction</title>
        <list list-type="order">
          <list-item>
            <p>This template uses numbered paragraphs for the main sections.
      Paragraphs should be concise and focused on a single main point or
      idea. Citations can be included
      (<xref alt="Global Reporting Initiative, n.d." rid="ref-gri2021-nb-article" ref-type="bibr">Global
      Reporting Initiative, n.d.</xref>;
      <xref alt="Taskforce on Nature-related Financial Disclosures 2024" rid="ref-tnfd_2024-nb-article" ref-type="bibr">Taskforce
      on Nature-related Financial Disclosures 2024</xref>) and will be
      rendered according to the specified citation style.</p>
          </list-item>
          <list-item>
            <p>Images can be included as either figures with captions (as
      above) or inline. Code blocks and other technical content can be
      included:</p>
            <p specific-use="wrapper">
              <code language="python">def example_function():
    """Demonstrates code inclusion."""
    return "Hello world"</code>
            </p>
          </list-item>
          <list-item>
            <p>Tables can be included in several ways. Here’s an R-generated
      table:</p>
          </list-item>
        </list>
        <sec specific-use="notebook-content">
          <code language="r script">data &lt;- data.frame(
  Category = c("A", "B", "C"),
  Value = c(10, 20, 30),
  Description = c("First", "Second", "Third")
)
library(knitr)
kable(data, format = "simple", align = 'l')</code>
          <fig id="tbl-example-nb-article">
            <caption>
              <p>Table 1: Example table showing data
    organization</p>
            </caption>
            <table-wrap>
              <table>
                <thead>
                  <tr>
                    <th align="left">Category</th>
                    <th align="left">Value</th>
                    <th align="left">Description</th>
                  </tr>
                </thead>
                <tbody>
                  <tr>
                    <td align="left">A</td>
                    <td align="left">10</td>
                    <td align="left">First</td>
                  </tr>
                  <tr>
                    <td align="left">B</td>
                    <td align="left">20</td>
                    <td align="left">Second</td>
                  </tr>
                  <tr>
                    <td align="left">C</td>
                    <td align="left">30</td>
                    <td align="left">Third</td>
                  </tr>
                </tbody>
              </table>
            </table-wrap>
          </fig>
        </sec>
      </sec>
      <sec id="advanced-document-features-nb-article">
        <title>3. Advanced Document Features</title>
        <sec id="sec-tables-nb-article">
          <title>3.1 Complex Tables and Formatting</title>
          <list list-type="order">
            <list-item>
              <p>Complex tables can include multiple header levels, custom
        formatting, and footnotes. Here’s an example using the
        <monospace>kable</monospace> function with custom CSS:</p>
            </list-item>
          </list>
          <sec specific-use="notebook-content">
            <code language="css">.small .table {font-size: 11px;}</code>
          </sec>
          <sec specific-use="notebook-content">
            <code language="r script">complex_data &lt;- data.frame(
  Category = c("Type A", "Type B", "Type C"),
  Description = c("Complex description with details", 
                 "Another detailed description", 
                 "Third detailed element"),
  Value1 = c(10.5, 20.3, 15.7),
  Value2 = c(45.2, 33.1, 28.9),
  Notes = c("Special case*", "Standard", "Modified†")
)

kable(complex_data, 
      format = "simple",
      booktabs = TRUE,
      align = 'l')</code>
            <fig id="tbl-complex-nb-article">
              <caption>
                <p>Table 2: Demonstration of Complex Table
      Formatting</p>
              </caption>
              <table-wrap>
                <table>
                  <thead>
                    <tr>
                      <th align="left">Category</th>
                      <th align="left">Description</th>
                      <th align="left">Value1</th>
                      <th align="left">Value2</th>
                      <th align="left">Notes</th>
                    </tr>
                  </thead>
                  <tbody>
                    <tr>
                      <td align="left">Type A</td>
                      <td align="left">Complex description with details</td>
                      <td align="left">10.5</td>
                      <td align="left">45.2</td>
                      <td align="left">Special case*</td>
                    </tr>
                    <tr>
                      <td align="left">Type B</td>
                      <td align="left">Another detailed description</td>
                      <td align="left">20.3</td>
                      <td align="left">33.1</td>
                      <td align="left">Standard</td>
                    </tr>
                    <tr>
                      <td align="left">Type C</td>
                      <td align="left">Third detailed element</td>
                      <td align="left">15.7</td>
                      <td align="left">28.9</td>
                      <td align="left">Modified†</td>
                    </tr>
                  </tbody>
                </table>
              </table-wrap>
            </fig>
          </sec>
          <list list-type="bullet">
            <list-item>
              <p>Indicates special condition † Modified calculation
        applied</p>
            </list-item>
          </list>
        </sec>
        <sec id="sec-callouts-nb-article">
          <title>3.2 Callout Boxes and Special Content</title>
          <list list-type="order">
            <list-item>
              <p>Callout boxes can highlight important information:</p>
            </list-item>
          </list>
          <boxed-text>
            <disp-quote>
              <p>
                <bold>Important Note Title</bold>
              </p>
              <p>This is an example note callout. It can contain:</p>
              <list list-type="bullet">
                <list-item>
                  <p>Bullet points</p>
                </list-item>
                <list-item>
                  <p>
                    <italic>Formatted text</italic>
                  </p>
                </list-item>
                <list-item>
                  <p>Even <monospace>code snippets</monospace></p>
                </list-item>
              </list>
            </disp-quote>
          </boxed-text>
          <boxed-text>
            <disp-quote>
              <p>
                <bold>Caution</bold>
              </p>
              <p>Warning callouts use different styling and icons.</p>
            </disp-quote>
          </boxed-text>
          <boxed-text>
            <disp-quote>
              <p>
                <bold>Suggestion</bold>
              </p>
              <p>Tips use a different style and icon.</p>
            </disp-quote>
          </boxed-text>
        </sec>
        <sec id="sec-figures-nb-article">
          <title>3.3 Multi-Panel Figures</title>
          <list list-type="order">
            <list-item>
              <p>Complex figures can combine multiple panels with individual
        captions:</p>
            </list-item>
          </list>
          <code language="r script"># Example plot 1
plot(1:10, main="Panel A")

# Example plot 2
plot(10:1, main="Panel B")</code>
          <fig id="fig-panels-nb-article">
            <caption>
              <p>Figure 2: Multi-panel figure
      demonstration</p>
            </caption>
            <table-wrap>
              <table>
                <colgroup>
                  <col width="50%"/>
                  <col width="50%"/>
                </colgroup>
                <tbody>
                  <tr>
                    <td align="left">
                      <p specific-use="wrapper">
                        <boxed-text>
                          <fig id="fig-panels-1-nb-article">
                            <caption>
                              <p>(a) Panel A shows first
                    element</p>
                            </caption>
                            <graphic mimetype="image" mime-subtype="png" xlink:href="index_files/figure-jats/fig-panels-1.png"/>
                          </fig>
                        </boxed-text>
                      </p>
                    </td>
                    <td align="left">
                      <p specific-use="wrapper">
                        <boxed-text>
                          <fig id="fig-panels-2-nb-article">
                            <caption>
                              <p>(b) Panel B shows second
                    element</p>
                            </caption>
                            <graphic mimetype="image" mime-subtype="png" xlink:href="index_files/figure-jats/fig-panels-2.png"/>
                          </fig>
                        </boxed-text>
                      </p>
                    </td>
                  </tr>
                </tbody>
              </table>
            </table-wrap>
          </fig>
        </sec>
        <sec id="sec-cross-ref-nb-article">
          <title>3.4 Advanced Cross-Referencing</title>
          <list list-type="order">
            <list-item>
              <p>Cross-references can be used for various elements:</p>
              <list list-type="bullet">
                <list-item>
                  <p>Figures: See
            <xref alt="Figure 2" rid="fig-panels-nb-article">Figure 2</xref> for a
            multi-panel example</p>
                </list-item>
                <list-item>
                  <p>Tables: As shown in
            <xref alt="Table 2" rid="tbl-complex-nb-article">Table 2</xref></p>
                </list-item>
                <list-item>
                  <p>Equations: Reference equation
            <xref alt="Equation 1" rid="eq-example-nb-article">Equation 1</xref>
            below</p>
                </list-item>
                <list-item>
                  <p>Sections: Refer to earlier section on tables
            (#sec-tables)</p>
                </list-item>
              </list>
            </list-item>
            <list-item>
              <p>Mathematical equations can be numbered and referenced:</p>
            </list-item>
          </list>
          <p>
            <styled-content id="eq-example-nb-article">
              <disp-formula>
                <alternatives>
                  <tex-math><![CDATA[
    \begin{equation}
    f(x) = ax^2 + bx + c
    \end{equation}
     \qquad(1)]]></tex-math>
                  <mml:math xmlns:mml="http://www.w3.org/1998/Math/MathML" display="block">
                    <mml:mrow>
                      <mml:mrow>
                        <mml:mi>f</mml:mi>
                        <mml:mrow>
                          <mml:mo stretchy="true" form="prefix">(</mml:mo>
                          <mml:mi>x</mml:mi>
                          <mml:mo stretchy="true" form="postfix">)</mml:mo>
                        </mml:mrow>
                        <mml:mo>=</mml:mo>
                        <mml:mi>a</mml:mi>
                        <mml:msup>
                          <mml:mi>x</mml:mi>
                          <mml:mn>2</mml:mn>
                        </mml:msup>
                        <mml:mo>+</mml:mo>
                        <mml:mi>b</mml:mi>
                        <mml:mi>x</mml:mi>
                        <mml:mo>+</mml:mo>
                        <mml:mi>c</mml:mi>
                      </mml:mrow>
                      <mml:mspace width="2.0em"/>
                      <mml:mrow>
                        <mml:mo stretchy="true" form="prefix">(</mml:mo>
                        <mml:mn>1</mml:mn>
                        <mml:mo stretchy="true" form="postfix">)</mml:mo>
                      </mml:mrow>
                    </mml:mrow>
                  </mml:math>
                </alternatives>
              </disp-formula>
            </styled-content>
          </p>
          <list list-type="order">
            <list-item>
              <label>3.</label>
              <p>Inline mathematics can use single dollar signs:
        <inline-formula><alternatives><tex-math><![CDATA[E = mc^2]]></tex-math><mml:math xmlns:mml="http://www.w3.org/1998/Math/MathML" display="inline"><mml:mrow><mml:mi>E</mml:mi><mml:mo>=</mml:mo><mml:mi>m</mml:mi><mml:msup><mml:mi>c</mml:mi><mml:mn>2</mml:mn></mml:msup></mml:mrow></mml:math></alternatives></inline-formula></p>
            </list-item>
          </list>
        </sec>
        <sec id="sec-infrastructure-nb-article">
          <title>3.5 Document Infrastructure</title>
          <list list-type="order">
            <list-item>
              <p>This template supports:</p>
              <list list-type="bullet">
                <list-item>
                  <p>Automatic table of contents generation</p>
                </list-item>
                <list-item>
                  <p>List of figures and tables</p>
                </list-item>
                <list-item>
                  <p>Custom header and footer content</p>
                </list-item>
                <list-item>
                  <p>Bibliography management</p>
                </list-item>
                <list-item>
                  <p>Multiple citation styles
            (<xref alt="Global Reporting Initiative, n.d." rid="ref-gri2021-nb-article" ref-type="bibr">Global
            Reporting Initiative, n.d.</xref>;
            <xref alt="Taskforce on Nature-related Financial Disclosures 2024" rid="ref-tnfd_2024-nb-article" ref-type="bibr">Taskforce
            on Nature-related Financial Disclosures 2024</xref>)</p>
                </list-item>
              </list>
            </list-item>
            <list-item>
              <p>Example of a complex citation block:</p>
            </list-item>
          </list>
          <boxed-text>
            <disp-quote>
              <p>
                <bold>Citation Example</bold>
              </p>
              <p>According to Capitals Coalition
        (<xref alt="2024, 23" rid="ref-capitals_coalition_2024-nb-article" ref-type="bibr">2024,
        23</xref>), this specific method has several advantages.
        Multiple citations can be combined
        (<xref alt="Taskforce on Nature-related Financial Disclosures 2024" rid="ref-tnfd_2024-nb-article" ref-type="bibr">Taskforce
        on Nature-related Financial Disclosures 2024</xref>;
        <xref alt="Taskforce on Climate-related Financial Disclosures 2024" rid="ref-tcfd_2024-nb-article" ref-type="bibr">Taskforce
        on Climate-related Financial Disclosures 2024</xref>), and page
        numbers can be included
        (<xref alt="Global Reporting Initiative, n.d., 15–17" rid="ref-gri2021-nb-article" ref-type="bibr">Global
        Reporting Initiative, n.d., 15–17</xref>).</p>
            </disp-quote>
          </boxed-text>
        </sec>
        <sec id="sec-interactive-nb-article">
          <title>3.6 Interactive Elements</title>
          <list list-type="order">
            <list-item>
              <p>When outputting to HTML, interactive elements can be
        included:</p>
            </list-item>
          </list>
          <sec id="cell-fig-interactive-nb-article" specific-use="notebook-content">
            <code language="r script">if (knitr::is_html_output()) {
  # Example interactive plot
  library(plotly)
  plot_ly(data = data.frame(x = 1:10, y = 1:10), 
          x = ~x, y = ~y, type = 'scatter', mode = 'lines+markers')
}</code>
          </sec>
        </sec>
        <sec id="sec-appendix-nb-article">
          <title>3.7 Appendix</title>
          <p>Additional tables and supplementary information can be included
    here. The template supports multiple appendices and complex table
    layouts:</p>
          <sec specific-use="notebook-content">
            <code language="r script">appendix_data &lt;- data.frame(
  Category = c("Type 1", "Type 2", "Type 3"),
  Description = c("Detailed example text", 
                 "More example content", 
                 "Final example entry"),
  Value = c("High", "Medium", "Low")
)

kable(appendix_data, 
      format = "simple",
      booktabs = TRUE,
      align = 'l')</code>
            <fig id="tbl-appendix-nb-article">
              <caption>
                <p>Table 3: Example Appendix Table</p>
              </caption>
              <table-wrap>
                <table>
                  <thead>
                    <tr>
                      <th align="left">Category</th>
                      <th align="left">Description</th>
                      <th align="left">Value</th>
                    </tr>
                  </thead>
                  <tbody>
                    <tr>
                      <td align="left">Type 1</td>
                      <td align="left">Detailed example text</td>
                      <td align="left">High</td>
                    </tr>
                    <tr>
                      <td align="left">Type 2</td>
                      <td align="left">More example content</td>
                      <td align="left">Medium</td>
                    </tr>
                    <tr>
                      <td align="left">Type 3</td>
                      <td align="left">Final example entry</td>
                      <td align="left">Low</td>
                    </tr>
                  </tbody>
                </table>
              </table-wrap>
            </fig>
          </sec>
        </sec>
      </sec>
      <sec id="appendix-nb-article">
        <title>Appendix</title>
        <p>Note that references need to be included in BibTex format in the
  relevant file (references.bib)</p>
      </sec>
    </body>
    <back>
      <ref-list>
        <title/>
        <ref id="ref-capitals_coalition_2024-nb-article">
          <element-citation publication-type="webpage">
            <person-group person-group-type="author">
              <string-name>Capitals Coalition</string-name>
            </person-group>
            <article-title>Natural capital protocol</article-title>
            <year iso-8601-date="2024">2024</year>
            <uri>https://capitalscoalition.org/capitals-approach/natural-capital-protocol/?fwp_filter_tabs=guide_supplement</uri>
          </element-citation>
        </ref>
        <ref id="ref-tcfd_2024-nb-article">
          <element-citation publication-type="webpage">
            <person-group person-group-type="author">
              <string-name>Taskforce on Climate-related Financial Disclosures</string-name>
            </person-group>
            <article-title>TCFD hub</article-title>
            <year iso-8601-date="2024">2024</year>
            <uri>https://www.tcfdhub.org</uri>
          </element-citation>
        </ref>
        <ref id="ref-tnfd_2024-nb-article">
          <element-citation publication-type="webpage">
            <person-group person-group-type="author">
              <string-name>Taskforce on Nature-related Financial Disclosures</string-name>
            </person-group>
            <article-title>TNFD global</article-title>
            <year iso-8601-date="2024">2024</year>
            <uri>https://tnfd.global</uri>
          </element-citation>
        </ref>
        <ref id="ref-gri2021-nb-article">
          <element-citation publication-type="report">
            <person-group person-group-type="author">
              <string-name>Global Reporting Initiative</string-name>
            </person-group>
            <article-title>GRI standards</article-title>
            <publisher-name>Global Reporting Initiative</publisher-name>
            <uri>https://www.globalreporting.org/standards</uri>
          </element-citation>
        </ref>
      </ref-list>
      <fn-group>
        <fn id="fn1-nb-article">
          <label>1</label>
          <p>Footnotes can be placed inline or collected at
    the end.</p>
        </fn>
      </fn-group>
    </back>
  </sub-article>
</article>
